type,county,name,address,hours,days
Food Pantry,Allegany,Salvation Army,"701 E. First St., Cumberland, MD 21502",8am-4pm,Mon-Fri
Food Pantry,Allegany,Lavale U.M.C,"565 National Highway, Lavandale, MD 21502",9:30am-3:30pm,Tue-Fri
Food Pantry,Allegany,Christ U.M.C.,"4th & Race Street, Cumberland, MD 21502",8am-4pm,Mon-Fri
Food Pantry,Allegany,Frostburgh Pantry,"P.O. Box 301, Frostburgh, MD 21532",10am-2pm,Mon-Fri
Food Pantry,Allegany,Cumberland Church of God,"401 Industrial Blvd., Cumberland, MD 21502",10am-1pm/4-6pm,"Wed,Fri"
Food Pantry,Allegany,John F. Kennedy (Restricted - tenants only),"Mechanic St., #408, Cumberland, MD 21502",10am-11am,Mon-Fri
Food Pantry,Allegany,Cumberland Manor (Restricted - tenants only),"29 Baltimore Ave., Cumberland, MD 21502",10am-11am,Mon-Fri
Food Pantry,Allegany,Booth Towers (Restricted - tenants only),"220 Sommerville Ave., Cumberland, MD 21502",10am-11am,Mon-Fri
Food Pantry,Allegany,Queen City Towers (Restricted - tenants only),"235 Paca Street., Cumberland, MD 21502",10am-11am,Mon-Fri
Food Pantry,Allegany,Interfaith Pantry,"301 Cumberland St., Cumberland, MD 21502",9am-2pm,Mon-Fri
Food Pantry,Allegany,Healing Hunger,"19210 Opessa St. S/E, Oldtown, MD 21555",9am-2pm,Tue & Fri
Food Pantry,Allegany,Hope Station,"6 Pershing St., Cumberland, MD 21502",9am-3pm,Mon-Fri
Food Pantry,Allegany,Lavale Assembly Church,"525 National Highway, Lavale, MD 21502",10am-11am,Mon-Fri
Food Pantry,Anne Arundel,All Hallows Episcopal Church,"3604 Sol. Is. Rd, Davidsonville, MD 21035",9:30am-12pm,Mon
Food Pantry,Anne Arundel,Annapolis Church of God,"84 Janwal Street, Annapolis, MD 21403","9am-5pm, 11-2pm","Tue,Th,Fri,Sun"
Food Pantry,Anne Arundel,Annapolis Garden,"1840 Bowman Court, Annapolis, MD 21401",Call,
Food Pantry,Anne Arundel,Annapolis Spanish Church,"1840 Margaret Avenue, Annapolis, MD 21401",12-2pm,Sat
Food Pantry,Anne Arundel,Apostolic House of Prayer,"413 Headquarters Dr., Millersville",Call,Mon-Fri
Food Pantry,Anne Arundel,Asbury Broadneck UMC,"657 Broadneck Rd., Annapolis, MD 21401",10-12pm,2nd & 4th Th
Food Pantry,Anne Arundel,Asbury UMC,"87 West Street, Annapolis, MD 21401",1-3pm,"Wed,Fri,Sat"
Food Pantry,Anne Arundel,Beacon Light 7th Day,"1943 Drew Street, Annapolis, MD 21403",7-9:30pm,Tue
Food Pantry,Anne Arundel,Advent,,9-9:30am,Sat
Food Pantry,Anne Arundel,Brooklyn Heights UMC,"110 Townsend Ave., Brooklyn, MD 21225",Call,Mon-Fri
Food Pantry,Anne Arundel,Brooklyn UMC,"4th & Pontiac, Brooklyn MD 21225",9am-12noon,"Mon,Wed,Th"
Food Pantry,Anne Arundel,Burwood Gardens,"6652 Shelly Rd., Glen Burnie, MD 21061",Call,Mon-Fri
Food Pantry,Anne Arundel,Cecil Memorial UMC,"15 Parole Street, Annapolis, MD 21401",Call,
Food Pantry,Anne Arundel,Chews Memorial UMC,"492 Owensville Road, Harwood, MD 20776",9am-12pm,1st and 3rd Fri
Food Pantry,Anne Arundel,Christian Assistance Program,"1239 Murray Rd, Odenton, MD 21113","11am-1pm, 3pm-5pm","Tue, Th"
Food Pantry,Anne Arundel,Church on the Rocks,"900 Church Street, Baltimore, MD 21225",9am-11am,Tue & Th
Food Pantry,Anne Arundel,Community UMC,"8680 Fort Smallwood Rd, Pasadenia 21122",9am-3pm,Mon-Fri (Call first)
Food Pantry,Anne Arundel,Faith Assembly of God,"250 W. Bayfront Road, Lothian, MD 20711",Call First,
Food Pantry,Anne Arundel,Faith Baptist Church,"7857 Furnace Branch Rd Glen Burnie MD 21061",9:30am-3:30pm,Mon-Fri
Food Pantry,Anne Arundel,First Baptist of Eastport,"206 Chesapeake Ave., Annapolis, MD 21403",10am-12noon,Tue
Food Pantry,Anne Arundel,First Baptist of Edgewater,"38 W. Central Ave., Edgewater, MD 21037",9:30am-2:30pm,Mon-Fri
Food Pantry,Anne Arundel,First Baptist of Annapolis,"31 W. Washington St., Annapolis, MD 21401",11am-1pm,Sat
Food Pantry,Anne Arundel,Faith Community,"212 B Street, Lothian MD 20711",9am-12pm,"Fri, 3rd Sat"
Food Pantry,Anne Arundel,Gospel Assembly,"3555 4th Street, Brooklyn, MD 21225","1pm-2pm, 5:30-6:45","Sun, Th"
Food Pantry,Anne Arundel,Greater Morning Star Apos Church,"8069 Telegraph Rd., Severn, MD 21113",10am-12pm,Sat
Food Pantry,Anne Arundel,Heritage Baptist,"1740 Forest Drive, Annapolis, MD 21401","8am-11:30am, 1:30-3pm",Mon-Fri
Food Pantry,Anne Arundel,Holly Temple Cathedral,"708 Bestgate Rd., Annapolis, MD 21401",Call for hours,
Food Pantry,Anne Arundel,Iglesia Hispana,"16010 Annapolis Rd., Bowie, MD 20715",3pm-5pm,Sunday
Food Pantry,Anne Arundel,John Welsley UMC,"6922 N. Richie Hwy. GB, MD 21061",Call,
Food Pantry,Anne Arundel,Lighthouse Shelter,"206 West Street, Annapolis, MD 21401",9am-3pm,Mon-Fri
Food Pantry,Anne Arundel,Lighthouse of Southern MD,"300 Fairhaven Rd., Tracey's Landing MD 20779",Call,
Food Pantry,Anne Arundel,Love & Action,"414 Fourth St., Eastpoint, MD 21403",10am-1pm,"Mon, Wed, Fri"
Food Pantry,Anne Arundel,Love is the Key Ministries,"3600 South Haven St., Baltimore, MD 21225",Call,
Food Pantry,Anne Arundel,Magothy UMC,"3703 Mountain Rd., Pasadena, MD 21122",11am-12pm,Sat
Food Pantry,Anne Arundel,Mount Olive AME Church,"2 Hicks Avenue, Annapolis, MD 21401",Call,
Food Pantry,Anne Arundel,My Brothers Pantry,"P.O. Box 223, Arnold, MD 21012",Call,
Food Pantry,Anne Arundel,NCEON,"304 5th St., Glen Burnie, MD 21061",10am-3:30pm,"Mon, Wed, Fri"
Food Pantry,Anne Arundel,Our Lady of Perpetual Help,"515 Loch Haven Rd., Edgewater, MD 21037",10am-12noon,Wed-Fri
Food Pantry,Anne Arundel,Pasadena Church of God in Christ,"Old Mill & Logan Rd. Pasadena, MD 21122",Call,
Food Pantry,Anne Arundel,Rapture Church,"1834 George Ave., Annapolis, MD 21401",2pm-7pm,Mon-Sat
Food Pantry,Anne Arundel,Restoration Community Dev.,"1812 Virginia Ave., Annapolis MD 21401",9am-12pm,Sat
Food Pantry,Anne Arundel,Riva Trace Baptist,"2990 Riva Trace Pkwy., Annapolis, MD 21401",9am-12pm,1st Sat
Food Pantry,Anne Arundel,S.C.A.N,"5757 Sol. Island Road, Lothian, MD 20711",Call,
Food Pantry,Anne Arundel,Salvation Army,"351 Hilltop Lane, Annapolis, MD 21401","8am-12pm, 12:30pm-4pm",Mon-Fri
Food Pantry,Anne Arundel,Salvation Army,"511 So. Crain Hwy., Glen Burnie, MD 21061",9am-4pm,Mon-Fri
Food Pantry,Anne Arundel,Spanish Church in Brooklyn,"P.O. Box 1977, Glen Burnie, MD 21061",Call,
Food Pantry,Anne Arundel,South County Emergency Baby Pantry,"220 Owensville Rd, West River, MD 20778",Baby Pantry only - Call,
Food Pantry,Anne Arundel,SPAN,"400 Benfield Rd., Severna Park, MD 21146","10am-2pm, 5pm-7pm","Mon-Fri, Mon only"
Food Pantry,Anne Arundel,St. Elizabeth Ann Seton,"1800 Seton Dr., Crofton, MD 21114",9am-4pm,Mon-Fri
Food Pantry,Anne Arundel,St. John the Evangelist,"689 Ritchie Hwy., Severna Park, MD 21146","10am-12pm, 2pm-4pm",Tue & Thu
Food Pantry,Anne Arundel,St. James Apostolic,"7566 E. Howard Rd., Glen Burnie, MD 21061",12pm-3pm,4th Tue
Food Pantry,Anne Arundel,St. Marks,"1440 Dorsey Rd., Hanover, MD 21076",8am-10am,Last Sat
Food Pantry,Anne Arundel,Trinity Outreach Church Fellowship,"108 Old Soloman's Island, Annapolis, MD 21401",1pm-5pm,Thu
Food Pantry,Anne Arundel,Wayman Good Hope,"100 Hoyle Lane, Severna Park, MD 21146",Call,
Food Pantry,Anne Arundel,YMCA of Annapolis,"1517 Ritchie Hwy, Arnold, MD 21012",2:30pm-5:30pm,Tue-Thu
Food Pantry,Anne Arundel,Wilson Memorial Church,"Rt. 3 North, Gambrills, MD 21054",9am-12pm,Mon
Food Pantry,Baltimore City,Abundant Life I,"3915 Callaway Ave., Baltimore, MD 21215",9am-12pm,Mon
Food Pantry,Baltimore City,Abundant Life II,"5110 Balto Natl. Pike apt 4, Baltimore, MD 21229",9am-12pm,Mon
Food Pantry,Baltimore City,Adams Chapel AME,"3813 Egerton Rd., Baltimore, MD 21215",11am-1pm,"Wed, Sat"
Food Pantry,Baltimore City,Agape House,"222 N. Carrollton Ave., Baltimore, MD 21223",12pm-6pm,"Wed, Sat"
Food Pantry,Baltimore City,AMES Memorial AME,"615 Baker St., Baltimore, MD 21217",11am-1pm,Tue
Food Pantry,Baltimore City,Bethany Baptist Church,"2616 Ridgeley St., Baltimore, MD 21230",9am-12pm,Mon-Fri
Food Pantry,Baltimore City,Bethel Church of God,"301 W. 28th Street, Baltimore, MD 21211",9am-12pm,Fri
Food Pantry,Baltimore City,Brothers Praise Him,"1000 West Saratoga St., Baltimore, MD 21229",12pm-2pm,"Tue, Thu"
Food Pantry,Baltimore City,Carter Memorial Emergency,"745 West Fayette St., Baltimore, MD 21201",10am-2pm,Thu
Food Pantry,Baltimore City,Central Baptist Church,"2035 West Baltimore St., Baltimore, MD 21223",12pm-2pm,Sat
Food Pantry,Baltimore City,Chase House,"1027 Cathedral St., Baltimore, MD 21201",10am-2pm,Fri
Food Pantry,Baltimore City,Cherry Hill UMC,"3225 Round Rd., Baltimore, MD 21225","6pm-8pm, 10am-2:30pm","Tue, Sat"
Food Pantry,Baltimore City,Christ Commission Church,"2924 Erdman Ave., Baltimore, MD 21213",12pm-3pm,Sat
Food Pantry,Baltimore City,Christ Deliverance Church,"711 Walnut Ave., Baltimore, MD 21229",12pm-6pm,"M, W, F, S"
Food Pantry,Baltimore City,Christian Memorial Church,"2001 West North Ave., Baltimore, MD 21217",10am-12pm,Sat
Food Pantry,Baltimore City,Church Of Jesus Christ,"2880 Hillen Road, Baltimore, MD 21218",10am-3pm,"Mon, Thu"
Food Pantry,Baltimore City,Claremont Homes,"4312 Clareway, Baltimore, MD 21213",10am-2pm,"Mon, Wed, Fri"
Food Pantry,Baltimore City,Concord Baptist Church,"5204 Liberty Heights Ave., Baltimore, MD 21207",10am-11:30am,4th Sat
Food Pantry,Baltimore City,Corpus Christi,"703 Whitelock St., Baltimore, MD 21217",1:30pm-3pm,Thu
Food Pantry,Baltimore City,Deliverance Manna,"3538 Old York Road, Baltimore, MD 21218","6pm-8pm, 10am-12pm","Thu, Sat"
Food Pantry,Baltimore City,Dept. of Housing Neighborhood,"22 S. Calhoun, Baltimore, MD 21223",10am-3pm,Mon
Food Pantry,Baltimore City,Donald Bentley Food Pantry,"2405 Loch Raven Blvd., Baltimore MD 21218",9am-12:30pm,Sat
Food Pantry,Baltimore City,Doswell Cathedral,"520 Doswell Ave., Baltimore, MD 21223",1pm-4pm,"Tue, Thu"
Food Pantry,Baltimore City,Dukeland Development,"1601 Gertrude St., Baltimore, MD 21216",12pm-8pm,"Mon, Fri"
Food Pantry,Baltimore City,East Baltimore Church of God,"2043 E. Baltimore St., Baltimore MD 21213",10am-3pm,"Sat, Sun"
Food Pantry,Baltimore City,Emergency Food Relief Fund,"1401 Pennsylvania Ave., Baltimore MD 21217",11:30am-1pm,Wed
Food Pantry,Baltimore City,First Apostolic Faith Church,"27 S. Caroline St., Baltimore, MD 21231",2:30pm-4:30pm,Sat
Food Pantry,Baltimore City,First Charity Baptist Church,"611 N. Aisquith St. Baltimore, MD 21202",11am-3pm,Fri-Sun
Food Pantry,Baltimore City,First Emmanuel Baptist Church,"2209 Park Ave, Baltimore, MD 21217",12pm-3pm,"Tue, Thu"
Food Pantry,Baltimore City,First Philadelphia Baptist,"2120 Greenmount Ave., Baltimore, MD 21218",10:30am-12:30pm,Thu-Fri
Food Pantry,Baltimore City,"Franciscan Center, Inc.","2212 Maryland Ave., Baltimore, MD 21218",10am-2pm,Mon-Fri
Food Pantry,Baltimore City,Gillis Memorial,"4016 Park Heights Ave., Baltimore MD 21215",9am-1pm,"Mon, Wed, Fri"
Food Pantry,Baltimore City,God's Time Ministry,"1014 N. Carrollton Ave., Baltimore MD 21217",12pm-2pm,Sat
Food Pantry,Baltimore City,Gospel Messenger,"2610 Keyworth Ave., Baltimore, MD 21215",9am-1pm,Thu
Food Pantry,Baltimore City,Gospel Tabernacle,"3100 Walbrook Ave., Baltimore, MD 21216",11am-3pm,"Sun, Mon, Fri"
Food Pantry,Baltimore City,Grace Memorial,"1100 N. Eden St., Baltimore, MD 21213",12pm-1:30pm,Tue
Food Pantry,Baltimore City,Greater Zion Church,"301 No. Gilmore Ave., Baltimore, MD 21223",1pm-4pm,"Wed, Fri"
Food Pantry,Baltimore City,Greenhill Apts.,"2501 Violet Ave, #710 N., Baltimore, MD 21215",10am-12pm,Wed
Food Pantry,Baltimore City,Hampden UMC,"3449 Falls Rd., Baltimore, MD 21211",9am-12pm,"Mon, Wed"
Food Pantry,Baltimore City,Harford Senior Center,"4920 Harford Rd., Baltimore, MD 21214",10am-2pm,Mon-Fri
Food Pantry,Baltimore City,Harvest Christian,"2601 Pennsylvania Ave., Baltimore, MD 21217",10am-12pm,Wed
Food Pantry,Baltimore City,Harvey Johnson Towers,"1510 WE. Mosher St., Baltimore, MD 21217",9am-2pm,Sat
Food Pantry,Baltimore City,Healthy Start,"610 N. Chester St., Baltimore, MD 21205",8:30am-4:30pm,Mon-Fri
Food Pantry,Baltimore City,Healthy Start,"1622 N. Carey St., Baltimore, MD 21217",8:30am-4:30pm,Mon-Fri
Food Pantry,Baltimore City,Helping Hands Food Pantry,"1911 Belair Rd., Baltimore, MD 21213",9am-1pm,Sat
Food Pantry,Baltimore City,Homestead UMC,"1500 Gorsuch Ave., Baltimore, MD 21218",11:30am-2pm,Tue
Food Pantry,Baltimore City,Household of Faith Missionary,"4811 Belair Rd., Baltimore, MD 21206",12pm-2pm,Sat
Food Pantry,Baltimore City,Human Services Division-4th,"1133 Pennsylvania Ave., Baltimore, MD 21201",9am-3pm,Tue-Fri
Food Pantry,Baltimore City,Israel Baptist Outreach,"1211 N. Chester St., Baltimore, MD 21213","11am-2pm, 5pm-7pm","Mon, Tue, Thu, Wed, Fri"
Food Pantry,Baltimore City,JB Outreach Ministries,"301 N. Stricker St., Baltimore, MD 21223",10am-2pm,2nd & 4th Th
Food Pantry,Baltimore City,Johnston Square Community Development,"841 E. Chase St., Baltimore, MD 21202",1pm-4pm,Mon-Fri
Food Pantry,Baltimore City,Judah Worship Center,"2000 Frederick Ave., Baltimore, MD 21223",10am-2pm,"Wed, Sat"
Food Pantry,Baltimore City,Lexington Poe,"206 N. Fremont Ave., Baltimore, MD 21201",9am-3pm,Tue-Fri
Food Pantry,Baltimore City,Love of God,"3216 W. Baltimore St., Baltimore, MD 21229",11am-2pm,Wed
Food Pantry,Baltimore City,Macedonia Baptist Church,"718 W. Lafayette St., Baltimore, MD 21217",10am-2pm,Tue
Food Pantry,Baltimore City,Manna Ministry of Greater Gethsemane,"2511 E. Preston St., Baltimore, MD 21213",10am-12pm,Thu
Food Pantry,Baltimore City,Maryland Church of God,"5100 Denmore Ave., Baltimore, MD 21215",12pm-5pm,Mon-Fri
Food Pantry,Baltimore City,Mason Memorial,"2608 Frederick Ave., Baltimore, MD 21223",9am-12pm,Wed
Food Pantry,Baltimore City,Metropolitan Church Pantry,"4815 Eastern Ave., Baltimore, MD 21224",9am-10am,Sat
Food Pantry,Baltimore City,Mount Moriah Baptist Church,"2201 Garrison Blvd., Baltimore, MD 21216",8:30am-12:30pm,Mon
Food Pantry,Baltimore City,Mount Olive Holy Evangelistic,"3816 Edmonson Ave., Baltimore, MD 21229",11:30am-2:30pm,Mon
Food Pantry,Baltimore City,Mt. Calvary Holy Temple,"1911 Bloomingdale Rd., Baltimore, MD 21216",1pm-6pm,Mon-Fri
Food Pantry,Baltimore City,Mt. Lebanon Baptist Church,"2812 Reisterstown Rd., Baltimore, MD 21215",10am-12pm,"Wed, Sat"
Food Pantry,Baltimore City,Mt. Oliver Missionary,"513 E. 36th Street, Baltimore, MD 21218",10am-2pm,Tue
Food Pantry,Baltimore City,Mt. Calvary Star Baptist Church,"1725 N. Milton Ave., Baltimore, MD 21213",11am-2pm,"Sat, Sun"
Food Pantry,Baltimore City,New Bethel Bible Church,"710 Poplar Grove St., Baltimore, MD 21216",10am-2pm,Thu
Food Pantry,Baltimore City,New Fellowship Christian Community,"5202 Park Heights Ave., Baltimore, MD 21215",9am-12:30pm,Wed
Food Pantry,Baltimore City,New Friendship Baptist,"1515 E. Eager St., Baltimore, MD 21205","11am-1pm, 9am-11am","Mon, Tue, Thu"
Food Pantry,Baltimore City,New Gabriel Baptist Church,"1041 Wilmington Ave., Baltimore, MD 21223",8am-12pm,Sun
Food Pantry,Baltimore City,New Hope Church of God,"6601 Cleveland Ave., Baltimore, MD 21224",10am-6pm,Mon-Fri
Food Pantry,Baltimore City,New Life Evangelical Baptist,"2417 E. North Ave., Baltimore, MD 21213",9am-4pm,Mon-Fri
Food Pantry,Baltimore City,New Mount Zion Baptist Church,"817 N. Mount St., Baltimore, MD 21217",10am-12pm,Wed-Sat
Food Pantry,Baltimore City,New Rose of Sharon Baptist Church,"2 N. Carey St., Baltimore, MD 21223",10am-1pm,Tue
Food Pantry,Baltimore City,New Shiloh Baptist Church,"2100 N. Monroe St., Baltimore, MD 21217",1pm-2pm,Sat
Food Pantry,Baltimore City,New Tabernacle,"300 S. Patterson Park Ave., Baltimore, MD 21231",11am-1pm,Sat
Food Pantry,Baltimore City,New Temple,"1101 N. Dukeland St., Baltimore, MD 21216",Call,
Food Pantry,Baltimore City,North Baltimore CARES,"5502 York Rd., Baltimore, MD 21212",9am-11am,"Mon, Thu"
Food Pantry,Baltimore City,Paris Domicilary,"1024 W. Cross St., Baltimore, MD 21230",9am-4pm,Mon-Fri
Food Pantry,Baltimore City,Park Heights Community Center,"4917 Park Heights Ave., Baltimore, MD 21215",10am-4pm,Mon-Fri
Food Pantry,Baltimore City,Paul's Place Outreach Center,"1118 Ward St., Baltimore, MD 21230",8:30am-11am,Mon-Fri
Food Pantry,Baltimore City,Payne Memorial Church,"1714 Madison Ave., Baltimore, MD 21216",10am-2pm,"Mon, Tue, Wed, Thu"
Food Pantry,Baltimore City,People's Church of Baltimore,"230 N. Fulton Ave., Baltimore, MD 21223",9am-12pm,Sat
Food Pantry,Baltimore City,Perkins Square Baptist Church,"2500 Edmondson Ave., Baltimore, MD 21223",2pm-5pm,Mon-Fri
Food Pantry,Baltimore City,Pillar of Truth,"2522 Greenmount Ave., Baltimore, MD 21218",9am-5pm,Mon-Sat
Food Pantry,Baltimore City,Pitts Outreach,"1142 N. Fulton Ave., Baltimore, MD 21217",2:30pm-3pm,"Wed, Thu"
Food Pantry,Baltimore City,Pleasant Grove Food,"214 S. Loudon Ave., Baltimore, MD 21229",10am-2pm,"Mon, Thu"
Food Pantry,Baltimore City,Pleasant View Gardens,"201 N. Aisquith St., Baltimore, MD 21202",10am-2pm,Fri
Food Pantry,Baltimore City,Poppleton Co-op,"838 W. Fairmont Ave., Baltimore, MD 21201",11am-3pm,Mon-Fri
Food Pantry,Baltimore City,Prisoners Aid,"204 25th Street, Baltimore, MD 21218",10am-6pm,Wed
Food Pantry,Baltimore City,Quality of Life Corp,"2630 Harford Rd., Baltimore, MD 21218",10am-2pm,"Mon, Thu"
Food Pantry,Baltimore City,Redemporist Fathers,"901 E. Eager St., Baltimore, MD 21202",9:30am-11:30am,"Tue, Wed, Thu"
Food Pantry,Baltimore City,Refuge Way of Cross Church,"4301 Old York Rd., Baltimore, MD 21212",12pm-2pm,Wed
Food Pantry,Baltimore City,Royal Light Outreach,"1562 N. Fulton Ave., Baltimore, MD 21217",11am-1pm,"Tue, Thu"
Food Pantry,Baltimore City,Salvation Army,"814 Light St., Baltimore, MD 21230",8:30am-12pm,Mon-Fri
Food Pantry,Baltimore City,Sharon Baptist,"1373 N. Stricker St., Baltimore, MD 21217",10am-12pm,3rd Sat
Food Pantry,Baltimore City,Solomon Temple Baptist Church,"1738 Appleton Street, Baltimore, MD 21217",10am-2pm,Mon-Fri
Food Pantry,Baltimore City,South Baltimore Emergency,"110 E. West St. Baltimore, MD 21230",10am-1pm,Mon-Fri
Food Pantry,Baltimore City,Southeast Neighborhood Service Center,"3411 Bank St., Baltimore, MD 21224",10am-2pm,"Mon, Wed, Fri"
Food Pantry,Baltimore City,St. Abraham Baptist Church,"1124 W. North Ave., Baltimore, MD 21217",9:30am-1pm,1st & 3rd Wed
Food Pantry,Baltimore City,St. Ambrose,"3445 Park Heights Ave., Baltimore, MD 21215",9am-4pm,Mon-Fri
Food Pantry,Baltimore City,St. Ann Outreach Ctr.,"528 E. 22nd St., Baltimore, MD 21218","9am-11am, 8am-12pm","Tue, Sat"
Food Pantry,Baltimore City,St. Bernadines's Catholic,"3812 Edmondson Ave., Baltimore, MD 21229",10am-12pm,"Tue, Wed, Thu"
Food Pantry,Baltimore City,St. Elizabeth Food Pantry,"2 N. Belnord Ave., Baltimore, MD 21224",11:30am-1:30pm,"Tue, Fri"
Food Pantry,Baltimore City,St. Gregory the Great,"1542 N. Gilmore St., Baltimore MD 21217",10am-2pm,Mon-Fri
Food Pantry,Baltimore City,St. Luke Temple,"1821 N. Smallwood Street, Baltimore, MD 21217","5pm-9pm, 7pm-9pm","Tue, Fri"
Food Pantry,Baltimore City,St. Mark's UMC/Bread of Life,"3900 Liberty Heights Ave., Baltimore, MD 21207",5:30pm-7pm,"Wed, Fri"
Food Pantry,Baltimore City,St. Micheal Outreach,"1922 E. Lombard St., Baltimore, MD 21231",9am-12pm,"Tue, Wed, Thu"
Food Pantry,Baltimore City,St. Paul Baptist Church,"3101 The Alameda, Baltimore, MD 21218","10am-2pm, 10am-2pm/5pm-7pm","Mon, Thu"
Food Pantry,Baltimore City,St. Vincent's Emergency Services,"120 N. Front St., Baltimore, MD 21202",12:30pm-2pm,Mon
Food Pantry,Baltimore City,St. Wenceslaus,"2100 E. Madison St., Baltimore, MD 21205",11am-1pm,"Wed, Thu"
Food Pantry,Baltimore City,Temple House,"812 N. Fulton Ave., Baltimore, MD 21217",10am-12pm,"Tue, Sat"
Food Pantry,Baltimore City,The Tree of Life Bible Church,"516 N. Schroeder St., Baltimore, MD 21223",3pm-7pm,Tue
Food Pantry,Baltimore City,Total Man Outreach,"1116 N. Gilmore St., Baltimore, MD 21217",10am-12pm,Sat
Food Pantry,Baltimore City,Trinity AME Church,"2140 E. Hoffman St., Baltimore, MD 21213",11am-1pm,Thu
Food Pantry,Baltimore City,Trinity Apostolic Faith,"3600 N. Rogers Ave., Baltimore, MD 21207",9:30am-12pm,Sun
Food Pantry,Baltimore City,United House of Prayer,"3401 Edgewood Rd., Baltimore, MD 21215",9am-6pm,"Sat, Sun"
Food Pantry,Baltimore City,Unity UMC Church,"1433 Edmonson Ave., Baltimore, MD 21223",10am-12pm,"Thu, Fri"
Food Pantry,Baltimore City,Walker Co-Op,"1 Cooperative Dr., Baltimore, MD 21212",10am-12pm,Tue
Food Pantry,Baltimore City,Washington Village,"904 Washington Blvd., Baltimore, MD 21230",9am-5pm,Mon-Fri
Food Pantry,Baltimore City,Wayland Baptist Church,"3200 Garrison Blvd., Baltimore, MD 21216",10am-12pm,"Mon, Tue"
Food Pantry,Baltimore City,Whitestone Baptist Church,"3001 Baker St., Baltimore, MD 21216",11:30am-1pm,Wed
Food Pantry,Baltimore City,Wyman House Pantry,"123 West 29th St., Baltimore, MD 21218",12pm-8pm,Mon-Fri
Food Pantry,Baltimore City,Xemra Pantry,"101 E 22nd Street, Baltimore, MD 21218",10am-2pm,Mon-Fri
Food Pantry,Baltimore City,Zion Baptist Church,"1700 N Caroline St., Baltimore, MD 21213",9:30am-12pm,Mon-Fri
Food Pantry,Baltimore City,Zion Outreach Services Inc.,"1221 Argyle Ave., Baltimore, MD 21217",11am-1:30pm,"Tue, Thu"
Food Pantry,Baltimore County,Alliance Inc,"9201 Philadelphia Rd., Balto., MD 21237",8:30am-5pm,Mon-Fri
Food Pantry,Baltimore County,Back River United Methodist,"544 Back River Neck Rd., Baltimore, MD 21221",By appointment,
Food Pantry,Baltimore County,Balto. Co. Dept. of Aging/Indiv. & Family Svcs. Div.,"611 Central Ave., Towson, MD 21204",Restricted,
Food Pantry,Baltimore County,Balto. Co. Health Dept. Geriatric Services,"1 Investment Pl. 11th Fl., Towson, MD 21204",8:30am-4:30pm,Mon-Fri
Food Pantry,Baltimore County,Community Asst. Network Inc,"7701 Dunmanway, Dundalk MD 21222","9:30am-11:30am, 1:30pm-3:30pm",Mon-Fri
Food Pantry,Baltimore County,Community Crisis Ctr./Reisterstown Utd. Meth. Ch.,"725 Main St., Reisterstown, MD 21136 / 15 Woodsman Ct., Owings Mills, MD 21117",10am-1pm,Mon-Fri
Food Pantry,Baltimore County,Eastern Interfaith Outreach,"531 Eastern Bend, Essex, MD 21221",10am-2pm,"Mon,Wed,Fri"
Food Pantry,Baltimore County,Edgemere Church of God,"7414 Ellen Ave., P.O. Box 6686, Balto. MD",9am-5pm,"Sun,Wed,Th"
Food Pantry,Baltimore County,Essex Utd. Methodist Church,"524 Maryland Ave., Balto., MD 21221",10:30am-12:30pm,"Tue,Th"
Food Pantry,Baltimore County,First Baptist Church of Essex,"911 Mace Avenue, Balto., MD 21221",9am-12noon,Mon-Th
Food Pantry,Baltimore County,Friendship Baptist Church,"307½ Avondale Rd., Balto., MD 21222",Restricted,
Food Pantry,Baltimore County,Good Samaritan Ministry Union Bethel AME Church,"8615 Church Lane, Randallstown, MD 21133",Vary,By appt.
Food Pantry,Baltimore County,Greater St. John BC,"103 Carver Road, Baltimore, MD 21222",Restricted,
Food Pantry,Baltimore County,Helping Hands Food Pantry,"7901 Bradshaw Rd., P.O. Box 192, Upper Falls, MD 21156",9am-12noon,Mon-Fri
Food Pantry,Baltimore County,Hopkins Village,"3 Brett Court, Balto., MD 21212",Restricted,
Food Pantry,Baltimore County,Key Point Health Services Inc,"7701 Dunmanway, Baltimore, MD 21222",Vary,Vary
Food Pantry,Baltimore County,Ironworkers-Local #16 Union Hall,"2008 Merrin Ave., Balto., MD 21222",7am-4pm,Mon-Fri
Food Pantry,Baltimore County,J & C Unity Christian Church,"101 Back Riverneck Rd., Balto., MD 21221",Vary,Mon-Fri
Food Pantry,Baltimore County,Kingsley Park Apts.,"1600 Gail Rd., #1, Balto., MD 21221",9am-5:30pm,Mon-Fri
Food Pantry,Baltimore County,The Liberty Assistance Ctr.,"9019 Liberty Rd., Randallstown, MD 21113",10am-2pm,"Mon,Wed,Th,Fri"
Food Pantry,Baltimore County,Morning Star Baptist Church Food Pantry,"154 Winters Ave., Balto., MD 21228",9am-1pm,"Mon,Wed,Fri"
Food Pantry,Baltimore County,Mount Olive Baptist Church,"651 Mount Olive Rd., Balto., MD 21222",10am-5pm,Sun-Sat
Food Pantry,Baltimore County,Mount Olivet UM Church,"823 Edmondson Ave., Catonsville, MD 21228",Vary,"Tue,Th,Sat"
Food Pantry,Baltimore County,New Horizon Baptist Church,"2200 St. Luke Lane, Baltimore, MD 21207",8am-4pm,Sat
Food Pantry,Baltimore County,New Macedonia Bapt. Church,"6930 Liberty Rd, Balto. MD 21207","9am-6pm, 7pm-10pm, 1pm-6pm","Sun, Wed, Sat"
Food Pantry,Baltimore County,Our Lady Queen of Peace Ch.,"10003 Bird River Rd., Balto., MD 21220",9am-3pm,Mon-Fri
Food Pantry,Baltimore County,Perry Hall United Meth. Ch.,"9515 Belair Rd., Balto., MD 21236-1599",9am-5pm,Mon-Fri
Food Pantry,Baltimore County,Rising Sun Food Pantry,"2211 St. Lukes Lane",Call,"Sat,Sun"
Food Pantry,Baltimore County,Rock of Ages Church of God,"310 South Marlyn Ave., Baltimore, MD 21221",9am-2pm,Mon-Fri
Food Pantry,Baltimore County,Shining Star,"111832 Eastern Ave., Baltimore, MD 21220",10am-2pm,Mon-Fri
Food Pantry,Baltimore County,St. Luke's Lutheran Church,"1803 Dundalk Ave., Balto., MD 21222",9am-2pm,"Tue,Th,Fri"
Food Pantry,Baltimore County,St. Luke's United Meth. Ch.,"2119 Gwynn Oak Ave., Woodlawn, MD 21207",9am-12noon,Mon-Fri
Food Pantry,Baltimore County,St. Peter Ev. Luth. Church,"7834 Eastern Blvd., Balto., MD 21224",9am-1pm,Mon-Fri
Food Pantry,Baltimore County,St. Stephen's AME Church,"1601 Old Eastern Ave., Baltimore, MD 21221",Varies,
Food Pantry,Baltimore County,Southwest Emergency Svcs.,"1201 Maple Ave., Balto., MD 21227","9am-12noon, 6pm-8pm","Mon-Fri, 1st Wed mt only"
Food Pantry,Baltimore County,Towson United Methodist Church Food Pantry,"501 Hampton Ln., Towson, MD 21286",6pm-7:30pm,Last Th mt.
Food Pantry,Calvert,Calvert Churches Community,"3800 Old Town Road, Huntingtown, MD 20639",10am-1pm,"Tue, Wed"
Food Pantry,Calvert,Catholic Charities,"P.O. Box 779, Prince Frederick MD 20678",9am-4:30pm,Mon-Fri
Food Pantry,Calvert,Dept. of Social Services,"200 Duke St. Prince Frederick MD 20678",8am-5pm,Mon-Fri
Food Pantry,Calvert,Emmanual Seventh Day Adventist,,,,
Food Pantry,Calvert,SMILE,"P.O. Box 1276, Solomons, MD 20688","10am-2pm, 10am-12pm","Wed, Thu, Sat"
Food Pantry,Calvert,At. Anthony's Ladies of Charity,"8820 Chesapeake Ave., P.O. Box 660 North Beach, MD 20614",12noon-2pm,Tue
Food Pantry,Caroline,St. Martin's Barn,"14376 Benedictine Lane Ridgely, MD 21660","8:30am-12pm, 6pm-8pm, By appointment","Tue,Fri, Wed, Mon & Th"
Food Pantry,Carroll,Westminster Food Bank,"10 Distillery Dr., P.O. Box 2160, Westminster, MD 21158","10am-11:15am, 1pm-2:15pm, 9am-12noon","Tue-Th, Sat"
Food Pantry,Carroll,Sykesville/Eldersburgh Food Bank St. Joseph's Cath. Ch.,"915 Liberty Rd., Eldersburgh, MD 21784",10am-1:00pm,Wed
Food Pantry,Carroll,Taneytown Food Bank St. Joseph's Catholic Church,"44 Frederick Street, Taneytown, MD 21787",9:30am-11:15am,Thur
Food Pantry,Cecil,Blythedale 7th Day Adventist Church,"48 Blythedale Rd., Perryville, MD 21903",,
Food Pantry,Cecil,Cecil County Help Center,"135 E. High St., Elkton, MD 21921",7:30am-4:30pm,Mon-Fri
Food Pantry,Cecil,Chesapeake Care,"80 Marysville Rd., North East, MD 21901",,
Food Pantry,Cecil,Clairvaux Farm Meeting Ground,"P.O. Box 808, Elkton, MD 21922",9am-4pm,Mon-Fri
Food Pantry,Cecil,First Baptist Ch. of NorthEast,"206 Mechanics Valley Rd., N.E., MD 21921",9am-4pm,Mon-Fri
Food Pantry,Cecil,Good Sheperd Church,"810 Aiken Ave., Perryville MD 21903",,
Food Pantry,Cecil,Immaculate Conception Outreach,"P.O. Box 345, Elkton, MD 21922",,
Food Pantry,Cecil,Ray of Hope Mission Center,"2084-C Tome Hway., Port Deposit, MD 21901",9am-4pm,Mon-Fri
Food Pantry,Charles,Calvary United Methodist,"3235 Leonardtown Rd., Waldorf, MD 20601",10am-4pm,Tue & Fri
Food Pantry,Charles,Forest Park Baptist,,,,
Food Pantry,Charles,Grace Lutheran/FISH,"P.O. Box 446",Vary/referrals only,Through DSS
Food Pantry,Charles,Hughesville Baptist Church,,,,
Food Pantry,Charles,St. Mary's Star of the Sea,"30 Mattingly Ave., Indian Head, MD 20640",9am-11am,1 Sat per mt.
Food Pantry,Charles,Assoc. Catholic Charities,"513 E. Charles St., La Plata, MD 20646","9am-5pm, 12pm-9pm","M,W,Th,F, Tu"
Food Pantry,Charles,Zion Wesley Utd. Methodist,"Rt. 228, P.O Box 972, Waldorf, MD 20604",8am-11am,3rd Sat. of mt.
Food Pantry,Charles,Free Will Baptist,"4028 Old Washington Rd., Waldorf, MD 20602",9:30am-1pm,Last Sat. of mt.
Food Pantry,Charles,St. Peter's St. Vincent dePaul,"3220 St. Peter's Drive, Waldorf, MD 20601",8am-4:30,Mon-Sat
Food Pantry,Charles,Children's Aid Society,"3000 Huntington Circle, Waldorf, MD 20602",9am-4:30pm,Mon-Fri
Food Pantry,Dorchester,Dorchester Community Development Corporation,"435 High St., P.O. Box 549, Cambridge, MD 21613",9am-4pm,Mon-Fri
Food Pantry,Frederick,Brunswick Food Bank 1st United Methodist Church,"7S. Maryland Ave., Brunswick, MD",6:30pm-8pm,Th
Food Pantry,Frederick,Emmitsburg Food Bank Community Center,"300 S. Seton Ave., Emmitsburg, MD 21727",10am-12noon,Th
Food Pantry,Frederick,Frederick Community Action Council,"100 S. Market Street, Frederick, MD 21701","2pm-4pm, 7pm-9pm","M, T, Th, F, Wed"
Food Pantry,Frederick,Jefferson Food Bank St. Paul's Lutheran Church,"3864 Jefferson Pike, Jefferson, MD 21755",10am-11:30am,1st & 3rd Sat
Food Pantry,Frederick,Middletown Food Bank,"301 W. Main St., Community Building Middletown, MD 21769","1pm-3pm, 12pm-2pm","Wed, Fri"
Food Pantry,Frederick,Thermont Food Bank Apple United Church,"Apples Church Road, Thurmont, MD 21788","6pm-8pm, 12pm-2pm","Tue, Fri"
Food Pantry,Frederick,Walkersville Food Bank Town Hall,"21 West Frederick St., Walkersville, MD 21231","6:30pm-8:30pm, 10am-4pm","Mon, Th"
Food Pantry,Garrett,No food pantries,,,,
Food Pantry,Harford,AME Refuge Temple Church,"116 Spesutia Rd., Aberdeen, MD 21001",Call,Call
Food Pantry,Harford,Bread of Life,"3716 Dublin Rd., Darlington, MD 21034",,Sundays
Food Pantry,Harford,Care Night MT. Zion Church,"1918 High Point Rd., Forest Hill, 21050",Evenings,Monday
Food Pantry,Harford,Community Action Agency,"33 W. Courtland St., Bel Air, MD 21014",8:30am-4:30pm,Mon-Fri
Food Pantry,Harford,Fish-St. Paul's Lutheran Ch.,"428 Battery Drive, Havre de Grace, MD 21078",On-call,Daily
Food Pantry,Harford,Fish-Bel Air Calvary Baptist,"206 E. Courtland St., Bel Air, MD 21014",Call,Daily
Food Pantry,Harford,Grove Presbyterian Church,"50 East Belair Ave., Aberdeen, MD 21001",7:30pm-8:30pm,Wed
Food Pantry,Harford,Manna House-Bel Air United Methodist Church,"21 Linwood Ave., Bel Air, MD 21014",11:30am-1pm,Wed
Food Pantry,Harford,Mason Dickson,"708 Highland Rd. PO Box 34, MD 21014",9:30am-12:30pm,Mon-Th
Food Pantry,Harford,N.I.N. Sr. Baskets-Bel Air United Methodist Church,"21 Linwood Ave., Bel Air, MD 21014",,4th Thu
Food Pantry,Harford,Neighbors In Need,"29 W. Courtland St, Bel Air, MD 21014",Holiday Program,
Food Pantry,Harford,Salvation Army,"300 Rear Seneca Ave., Havre de Grace, MD 21078",9am-3pm,Mon-Fri
Food Pantry,Harford,Sharing Table-Presby United Methodist Church,"3479 Albantowne Way, Edgewood, MD 21040",,Sat
Food Pantry,Harford,St. Joan of Arc Church,"257 Law Street, Aberdeen, MD 21001",9am-4pm,Mon-Fri
Food Pantry,Harford,St. Matthew's Church,802 Maxa Rd.,Call,
Food Pantry,Harford,Trinity Lutheran Church,"1100 Philadelphia Rd., Joppa, MD 21085",,Th
Food Pantry,Howard,Bethany Lane Baptist Church,"3030 Bethany Lane, Ellicott City, MD 21042",Call,
Food Pantry,Howard,Bethel Assembly of God,"P.O. Box 416, Savage, MD 20763",10am-2pm,Mon-Fri
Food Pantry,Howard,Bridgeway Community Cupboard,"6148 Cedar Wood Dr., Columbia, MD 21044",Call,
Food Pantry,Howard,Elkridge Food Pantry,"5646 Furnance Ave, Elkridge, MD",6pm-8pm,4th Friday
Food Pantry,Howard,First Baptist Church of Savage,"Corner of Washington and Woodward Street in Savage","6:30pm-7:30pm, 9am-11am","Wed, Fri, Sat"
Food Pantry,Howard,FISH,"P.O. Box 34, Ellicott City, MD 21041",Call,Mon-Fri
Food Pantry,Howard,Locust United Methodist Church,"Corner of Martin and Freetown Rd.",,"Mon, Wed, Fri, Sat"
Food Pantry,Howard,Long Reach Church of God,"6080 Foreland Garth, Columbia, MD",5:30pm-6pm,Fri
Food Pantry,Howard,Mt. Pisgah AME Church,"5901 Cedar Fern Court, Columbia, MD 21044","11am-5pm, 10am-2pm","Weekdays, Saturday"
Food Pantry,Howard,St. John's Baptist Church,"8910 Old Annapolis Road, RT 100, Columbia, MD 20145",10am-1pm,3rd Sat
Food Pantry,Kent,Community Food Pantry,"Christ United Methodist Church, Chestertown, MD",10am-12noon,"Tue,Fri"
Food Pantry,Montgomery,ARC of Montgomery County,"11600 Nebel St., Rockville, MD 20852",Group Home,
Food Pantry,Montgomery,Catholic Charities,"1438 Rhode Island Ave., NE Washington, DC 20018",Shelters,
Food Pantry,Montgomery,Community Ministries of Montgomery County,"114 W. Montgomery Ave., Rockville, MD 20850",Shelter,
Food Pantry,Montgomery,National Center for Children and Families Grentree Shelter,"6301 Greentree Rd, Bethesda, MD 20817",Shelter,
Food Pantry,Montgomery,Community Services for Autistic Adult and Children,"751 Twimbrook Parkway, Rockville, MD 20851",Group Home,
Food Pantry,Montgomery,Community Support Service,"204-206 North Adams Street, Rockville, MD 20850",Group Home,
Food Pantry,Montgomery,Helping Hands,"622 N. Horners Lane, Rockville, MD 20850",Shelter,
Food Pantry,Montgomery,Hanna's Aftercare and Rehabilitation Center,"1201 Millgrove Road, Silver Spring, MD 20905",Transitional Home,
Food Pantry,Montgomery,Head Injury Rehabilitation and Referral Services,"One Church St., Suite 102, Rockville, MD 20850",Group Home,
Food Pantry,Montgomery,Montgomery County Coalition for the Homeless,"600 B East Gude Drive, Rockville, MD 20850",Shelters,
Food Pantry,Montgomery,Montgomery Ave. Women's Shelter,"12250 Wilkins Ave., Rockville, MD 20850",Women's Shelter,
Food Pantry,Montgomery,Outpatient Addiction Services,"751 Twimbrook Parkway 2nd Floor, Rockville, MD 20851",Daytime Shelter,
Food Pantry,Montgomery,Stepping Stones,"P.O. Box 712 Rockville, MD 20848",Family Shelter,
Food Pantry,Montgomery,Vanguard Services Unlimited,"1 Lawrence Court, Rockville, MD 20850",Halfway house,
Food Pantry,Montgomery,Watkins Mill House,"20201 Watkins Mill Rd., Gaithersburg, MD 20886",Women's Shelter,
Food Pantry,Montgomery,Wells Robertson House,"1 Wells Avenue, Gaithersburg, MD 20877",Shelter,
Food Pantry,Prince George's,Adventist Community Services,"501 Sligo Ave., Silver Springs, MD 20910",10am-12pm,Mon-Thu
Food Pantry,Prince George's,Ager Road Methodist,"6301 Ager Rd., Hyattsville, MD 20782",9:30am-11:15am,Th (by appt.)
Food Pantry,Prince George's,Breath of Life Ministries,"5400A Kenilworth Ave., Riverdale, MD 20737",8am-1pm,Wed
Food Pantry,Prince George's,Community Support Systems,"13500 Baden-Westwood Rd., Brandywine, MD 20613",9:30am-11:30am,"Wed, Fri (by appt.)"
Food Pantry,Prince George's,First Baptist Church of Suitland,"5400 Silver Hill Rd., Suitland, MD 20747",9am-4pm,Mon-Fri
Food Pantry,Prince George's,"Fish of Greater Laurel, Inc.","308 Gorman Ave., Laurel MD 20724",11am-2pm,"Tue,Th,Sat (by appt.)"
Food Pantry,Prince George's,Church of the Living God,"1417 Chilum Rd., Hayattsville, MD 20782",10am-12pm,Sat
Food Pantry,Prince George's,G.A. Fitzgerald Community,"1250 Benning Rd., Capitol Hgts., MD 20743",10am-2pm,Mon & Wed
Food Pantry,Prince George's,Galilee Baptist Church,"2101 Shadyside Ave., Suitland, MD 20746",9:30am-3pm,Mon-Thu
Food Pantry,Prince George's,Gethsemane United Methodist,"901 Addison Rd., Capitol Heights, MD 20743",10am-1pm,Mon-Thu
Food Pantry,Prince George's,Greater Spiritual Fellowship Church,"12788-B Old Forth Rd., Forth Washington, MD 20744",6pm-7pm,2nd Tues (by appt.)
Food Pantry,Prince George's,Harvest Temple Church of God,"6608 Wilkins Place, Forestville, MD",12pm-2pm,Tue-Thu (by appt.)
Food Pantry,Prince George's,Help By Phone,"6100 Westchester Park Dr., College Park, MD 20740","9am-5pm, 9am-12noon","Mon,Th, Fri (by appt.)"
Food Pantry,Prince George's,Hunter Memorial AME Church,"4719 Silver Hill Rd., Suitland, MD 20746",On Call,Mon-Fri
Food Pantry,Prince George's,ICAC/Oxon Hill Food Pantry,"4915 St. Barnabas Rd., Temple Hills, MD 20748","10am-1pm, 6pm-8pm","Tue,Sat, Th (walk in)"
Food Pantry,Prince George's,Langley Park-McCormick E.S-Pantry,"8201 15th Avenue, Hyattsville, MD 20783",2:30-3:30pm,Mon-Fri
Food Pantry,Prince George's,Laurel Advocacy Referral Services (LARS),"311 Laurel Ave., Laurel MD 20724","9am-2pm, 6:30pm-9pm","Mon,Wed,Fri, Mon (by appt.)"
Food Pantry,Prince George's,Lucille's Pantry,"6100 Jost Street, Fairmont Hgts., MD 20743",10am-2pm,"Wed,Fri (by appt.)"
Food Pantry,Prince George's,Mt Calvary Church,"6706 Marlboro Pike, Forestville, MD 20747",9:30am-11:30am,Mon & Th (by appt.)
Food Pantry,Prince George's,Oaklands Presbyterian Church,"14301 Laurel-Bowie Rd., Laurel, MD 20706",9am-2pm,Tue-Fri
Food Pantry,Prince George's,"Pregnancy Aid Center, Inc.","4809 Greenbelt Rd., College Park, MD 20740","9am-4pm, 9am-4:30pm, 9am-3pm","Mon, Wed, Tue, Thu, Fri"
Food Pantry,Prince George's,Refreshing Spring Church of God,"6201 Riverdale Rd., Riverdale, MD 20737","12pm-3pm, 9am-11am","Wed, Sat"
Food Pantry,Prince George's,Refuge of Hope Disciple Center,"2013-D Beaver Rd., Cheverly, MD 20785",10am-2pm,Mon-Fri (by appt.)
Food Pantry,Prince George's,Regeneration Development Group,"9244 E. Hampton Dr., Suite 514, Capitol Hgts., MD 20743",10am-1pm,Mon-Fri (by appt.)
Food Pantry,Prince George's,Sacred Heart Nursery,"4805 Queensbury Rd., Riverdale, MD 20737",Call,Nursery/daycare
Food Pantry,Prince George's,Salvation Army,"4825 Edmonston Rd., Hyattsville, MD 20781","9am-12noon, 1pm-4pm",Mon-Fri (by appt.)
Food Pantry,Prince George's,Shabach! Food Pantry,"2101 Kent Village Dr., Landover MD 20785",10am-2pm,"Mon-Fri, 2nd & 4th Sat (by appt.)"
Food Pantry,Prince George's,St. Joseph's Church,"2020 St. Joseph's Dr., Landover, MD 20785",1pm-2:30pm,"Wed,Sat (by appt.)"
Food Pantry,Prince George's,St. Margaret's Catholic Church,"408 Addison Rd., South Seat Pleasant, MD 20743",9:30am-12noon,"Tu,Fri (by appt.)"
Food Pantry,Prince George's,St. Paul United Methodist Church,"6634 St. Barnabas Rd., Oxon Hill, MD 20745",10am-12noon,Mon-Fri (by appt.)
Food Pantry,Prince George's,United Christian Mission,"7808 Marlboro Pike, Forestville, MD 20747",10am-1pm,Th (walk in)
Food Pantry,Prince George's,United Methodist Church of the Redeem,"1901 Iverson St., Temple Hills, MD 20748",9am-2pm,Mon-Fri (by appt.)
Food Pantry,Prince George's,United Communities Against Poverty (UCAP),"1400 Doewood Ln., Capitol Hgts., MD 20743","12:30pm-4:30pm, 8:30am-4:30pm","Mon-Thu, Fri (by appt.)"
Food Pantry,Prince George's,Walker Mill Outreach Center,"6974 Walker Mill Rd., Capitol Hgts., MD 20743",10am-2pm,Thu (by appt.)
Food Pantry,Queen Anne's,Kent Island Methodist Church,"P.O. Box 308, Chester, MD 21619",9am-11am,"Tue,Th (DSS referral)"
Food Pantry,Queen Anne's,Mother of Sorrows Catholic Church,"Centerville, MD 21617",Call,
Food Pantry,Queen Anne's,Sudlersville Methodist,"Sudlersville, MD 21668",10am-3pm,Tu-Fri
Food Pantry,St. Mary's,Catholic Charities,"21506 Cotton Point Ave., Avenue MD 20609","9am-5pm, 10am-6pm","M,T,W,F, Th"
Food Pantry,St. Mary's,HOPE,"2161 Grapemills Rd., Lexington Park, MD 20653",9am-12noon,Mon-Th
Food Pantry,St. Mary's,"Helping Hands, Inc","P.O. Box 1658, Leonardtown, MD 20650",10am-2pm,"M,W,F"
Food Pantry,St. Mary's,Trinity Lutheran Church,,,,
Food Pantry,St. Mary's,Zion United Methodist,"P.O. Box 341, Lexington Park, MD 20653",5:00pm-7pm,Th
Food Pantry,Somerset,Christ United Methodist Church,"27473 Fairmont Road, Upper Fairmount, MD 21867",9am-12pm,Sat (1 per month)
Food Pantry,Somerset,Community Relief Fund,140 Maryland Ave.,5:30pm-8:30pm,2nd & 4th Wed
Food Pantry,Somerset,Immanuel United Methodist Church,"206 West Main Street, Crisfield, MD 21817",9am-12pm,2nd & 4th Tue
Food Pantry,Somerset,Manna House,"3453 Lawsonia Road, Crisfield, MD 21817",1pm-3pm,1st & 3rd Mon
Food Pantry,Somerset,St. James,"8370 Crisfield Highway, Westover, MD 21871",10am-12pm,3rd & 4th Sat
Food Pantry,Somerset,Seaton Center,"30632 Hampden Ave., Princess Anne, MD 21853",1pm-4pm,Mon-Fri
Food Pantry,Talbot,Neighborhood Center,"126 Port St., Easton, MD 21601","9am-3pm, 9am-12noon","Mon,Th, Fri"
Food Pantry,Washington,Adventist Community Center,"50 E. Franklin St., Hagerstown, MD 21740",10am-3pm,"Tue,Th"
Food Pantry,Washington,Community Action Council,"110 Summit Ave., Hagerstown, MD 21740",8:30am-4:30pm,Mon-Fri
Food Pantry,Washington,Community Enrichment Coalition,"68 W. Church St., Hagerstown, MD 21740",10am-12pm,"Mon, Wed, Fri"
Food Pantry,Washington,Community Food Bank,"601 Washington Ave., Hagerstown, MD 21740",1pm-3pm,"Mon, Tue, Thu, Fri"
Food Pantry,Washington,Faith Chapel,"14 S. Potomac St., Hagerstown, MD 21740",10am-3pm,Mon-Fri
Food Pantry,Washington,Hancock Food Pantry,"Pa. Ave. & High St., Hancock, MD",9am-12noon,Mon-Fri
Food Pantry,Washington,"Office of Consumer Advocacy, Inc.","265 Mill Street, Hagerstown, MD 21740",As needed,
Food Pantry,Washington,Raven House,"32 East Ave., Hagerstown, MD 21740",11am-2pm,Tue
Food Pantry,Washington,SHIP,"116 W. High Street, Hancock, MD 21750",8am-4pm,Mon-Fri
Food Pantry,Washington,Salvation Army,"524 West Franklin Street, Hagerstown, MD 21740",9am-4pm,Mon-Fri
Food Pantry,Washington,South County Food Bank,"645 S. Main Street, Boonsboro, MD 21713",11:30am-3pm,Thu
Food Pantry,Washington,Trinity Food Pantry,"15 Randolph Ave., Hagerstown, MD 21740",10am-2pm,"Tue, Wed, Thu"
Food Pantry,Washington,Willamsport Food Bank,"35 W. Potomac St., Williamsport, MD 21785",10am-3pm,"Mon, Wed, Fri"
Food Pantry,Wicomico,Caring & Sharing,"2671 Bank Road, Nanticoke, MD 21840",11am-1pm,Thursday
Food Pantry,Wicomico,Cathedral of Love,"423 Church St., Salisbury, MD 21803",10am-12pm,Thursday
Food Pantry,Wicomico,1st Baptist Food Ministry,"528 Booth St., Salisbury, MD 21801",11am-2pm,1st Wed
Food Pantry,Wicomico,In His Service,"6724 Keyes Ln., Salisbury, MD 21804",Varies,Mon-Fri
Food Pantry,Wicomico,Joseph House,"812 Boundary St., P.O. Box 1755",9:30am-12noon,"Tue,Wed,Th"
Food Pantry,Wicomico,Lazarus Fund Pantry,"608 Riverside Dr., Salisbury, MD",10am-2pm,Tue
Food Pantry,Wicomico,New Beginning,"612 Dover St., Salisbury, MD 21804",4pm-6:30pm,Tue
Food Pantry,Wicomico,Riverside Homes,"519 Alabama Ave., Salisbury, MD 21801",10am-2pm,Mon-Fri
Food Pantry,Wicomico,R & J Reach Out,"1405 Flamingo Dr., Salisbury, MD 21801",9am-6pm,Mon-Fri
Food Pantry,Wicomico,Salvation Army,"407 Oak St., PO Box 3235 Salisbury, MD 21874","9am-12noon, 1pm-3pm",Mon-Fri
Food Pantry,Wicomico,Salisbury Evang. Church of Deliverance,"1503 West Rd., Salisbury, MD 21801",,
Food Pantry,Wicomico,Telamon,"237 Florida Ave., Salisbury, MD 21801",8am-4pm,Mon-Fri
Food Pantry,Wicomico,Wicomico Family Center,"317 Lemmon Hill Lane., Salisbury, MD 21801",9am-3:30pm,"Mon,Tue"
Food Pantry,Wicomico,Wesley Temple,"1322 West Rd., Salisbury, MD 21801",9am-12noon,"Mon,Wed,Fri"
Food Pantry,Wicomico,Westside Community Center,"20760 Cove Rd., Bivalve, MD 21814",1pm-4pm,Th
Food Pantry,Worcester,Amazing Grace Outreach,"7925 Circle Rd., Whaleyville, MD 21872",Call,
Food Pantry,Worcester,Diakonia Shelter,"12747 Old Bridge Rd., Ocean City, MD 21842",7am-10pm,Sun-Sat
Food Pantry,Worcester,Ebenezer Ecumenical Food Pantry,"107 Collins St., Snow Hill, MD 21863",9am-12:30pm,2nd Fri
Food Pantry,Worcester,Helping Hand Outreach Mission,"701 Ocean Highway, Pocomoke, MD 21851",Call,
Food Pantry,Worcester,P.A.C.E Enterprise Family Food Pantry,"5564 Market St., Snow Hill, MD 21863",Call,Call
Food Pantry,Worcester,Pentecostal Baptist Mission Pantry,"512 S. Main St., Berlin, MD 21811","9am-11:30am, 6pm-8pm","Tue, Wed"
Food Pantry,Worcester,Pocomoke Collaborative,"121-123 Willow Street, Pocomoke, MD 21851",Call,
Food Pantry,Worcester,Emergency Food Pantry,,,,
Food Pantry,Worcester,Save the Youth Inc.,"300 Second St., Pocomoke, MD 21851",Call,
Food Pantry,Worcester,"Samaritan Ministries, Inc.","814 Fourth St., P.O. Box 661 Pocomoke, MD 21851",1pm-2pm,"M,Tu,W,Sat"
Soup Kitchen,Anne Arundel,Asbury Methodist,"87 West St., Annapolis, MD 21401",1pm-3pm,Sat
Soup Kitchen,Anne Arundel,Damascus House,"4203 Ritchie Hwy, Balto., MD 21225",Call,
Soup Kitchen,Anne Arundel,Harundale Presb.,"1020 EastWay, Glen Burnie, MD 21060",12:30-2pm,Tue
Soup Kitchen,Anne Arundel,Salvation Army GB,"511 So. Crain Hwy., Glen Burnie, MD 21061",12pm-1pm,"Mon,Wed & Fri"
Soup Kitchen,Anne Arundel,Adventist Community Services,"510 Aquahart Rd., Glen Burnie, MD 21061",10am-1pm,Tue
Soup Kitchen,Baltimore City,American Rescue Workers of Maryland,"11 W. Clement St., Balto., MD 21230",,Everyday
Soup Kitchen,Baltimore City,Antioch Shelter Home,"2220 Harford Rd., Balto., MD 21218",24hrs,Shelter
Soup Kitchen,Baltimore City,Beans and Bread,"402 S. Bond St., Balto., MD 21231",Lunch,"M,Tu,Th,F,Sat"
Soup Kitchen,Baltimore City,Bethany Baptist,"2616 Ridgely St., Balto, MD 21230",,"Tue, Thu"
Soup Kitchen,Baltimore City,Bright Hope House,"1611 Baker St., Balto., MD 21217",,Everyday
Soup Kitchen,Baltimore City,Brown's Memorial Bapt. Ch.,"3215 W. Belvedere Ave., Balto., MD 21215",,Everyday
Soup Kitchen,Baltimore City,Calvary Temple,"4201 Pennington Ave., Balto., MD 21226",,Shelter
Soup Kitchen,Baltimore City,Christopher Place,"709 E. Eager St., Balto., MD 21202",,Everyday
Soup Kitchen,Baltimore City,Corpus Christi Church,"703 Whitelock St., Balto., MD 21217",,"Tu,Th"
Soup Kitchen,Baltimore City,Doswell Cathedral,"520 Doswell Ave., Balto., MD 21223",1pm-5pm,Th
Soup Kitchen,Baltimore City,East Balto. Church of God,"2043 E. Baltimore St., Balto., MD 21231",,
Soup Kitchen,Baltimore City,Ebenezer AME,"18 W. Montgomery St., Balto., MD 21230",12noon-1pm,Th
Soup Kitchen,Baltimore City,First Charity Baptist Church,"611 N. Asquith St., Balto., MD 21202",,Mon-Fri
Soup Kitchen,Baltimore City,First Mount Calvary Bapt. Ch.,"1142 N. Fulton Ave., Balto., MD 21217",11am-1pm,Wed
Soup Kitchen,Baltimore City,Foremost Mentor Care,"68 S. Koosuth St., Balto., MD 21229",12noon-4pm,"Sun,Sat"
Soup Kitchen,Baltimore City,Franciscan Center,"2212 Maryland Ave., Balto., MD 21218-5625",,"Mon, Thu, Fri"
Soup Kitchen,Baltimore City,Gentle Care,"4924 Carmine Ave., Balto., MD 21207",,"Sat, Sun"
Soup Kitchen,Baltimore City,Good Shepherd,"3459 Park Hgts. Ave., Balto., MD 21215",,
Soup Kitchen,Baltimore City,Gospel Tabernacle,"3100 Walbrook Ave., Balto., MD 21216",,Tue
Soup Kitchen,Baltimore City,Grace Memorial,"1100 N. Eden St., Balto., MD 21213",,Tue
Soup Kitchen,Baltimore City,H.E.R.O.,"1734 Maryland Ave., Balto., MD 21201",,Mon-Fri
Soup Kitchen,Baltimore City,H.E.R.O.,"2229 W. Joppa Rd., Balto., MD 21093",10:30am-1:30pm,Mon-Fri
Soup Kitchen,Baltimore City,Homestead UMC,"1500 Gorsuch Ave., Balto., MD 21218",10am-1pm,Tue-Sat
Soup Kitchen,Baltimore City,House of Ruth,"2201 Argonne Dr., Balto., MD 21218",,Shelter
Soup Kitchen,Baltimore City,I CAN,"2215 Greenmount Ave., Balto., MD 21218",,Everyday
Soup Kitchen,Baltimore City,IDEA Recovery,"609 Richwood Ave., Balto., MD 21212",,
Soup Kitchen,Baltimore City,Israel Baptist,"1211 N. Chester St., Balto., MD 21213",,
Soup Kitchen,Baltimore City,JB Outreach,"301 N. Stricker St., Balto., MD 21223",,
Soup Kitchen,Baltimore City,Manna House,"435 E 25th St., Balto., MD 21218",8:30am-10:30am,Mon-Fri
Soup Kitchen,Baltimore City,Mary Elizabeth Lange Center,"601 E. Chase St., Balto., MD 21202",,Everyday
Soup Kitchen,Baltimore City,Maryland Church of God,"5100 Denmore Ave., Balto., MD 21215",2pm-4:30pm,"Sat,Sun"
Soup Kitchen,Baltimore City,Maryland Community Kitchen,"3242 Eastern Ave., Balto., MD 21224",,Mon-Fri
Soup Kitchen,Baltimore City,Mason Memorial,"2608 Frederick Ave., Balto., MD 21223",,
Soup Kitchen,Baltimore City,Mount Tabor Baptist,"1719 E. Oliver St., Balto., MD 21213",,
Soup Kitchen,Baltimore City,My Sister's Place Lodge,"111 W. Mulberry St., Balto., MD 21201",,Shelter
Soup Kitchen,Baltimore City,New Friendship Baptist,"1515 E. Eager St., Balto., MD 21205",,Mon-Tue
Soup Kitchen,Baltimore City,New Life,"2417 E. North Ave., Balto., MD 21213",,Wed
Soup Kitchen,Baltimore City,Oasis Station,"220 Gay St., Balto., MD 21202",,Everyday
Soup Kitchen,Baltimore City,Our Daily Bread,"19 W. Franklin St., Balto., MD 21201",,Everyday
Soup Kitchen,Baltimore City,Paul's Place,"PO Box 27070, 1118 Ward St, Balto. MD 21230",11am-12:30pm,Mon-Fri
Soup Kitchen,Baltimore City,Pillar of Truth,"2522 Greenmount Ave., Balto., MD 21218",1pm-1:30pm,Fri
Soup Kitchen,Baltimore City,Project Plase,"2029 St. Paul St., Balto., MD 21218",,Everyday
Soup Kitchen,Baltimore City,S. Baltimore Emerg. Relief,"110 E. West St., Balto., MD 21230",12noon-2pm,Mon-Fri
Soup Kitchen,Baltimore City,Salvation Army,"2700 W. Patapsco Ave., Balto., MD 21230",5:30am-6:30pm,Everyday
Soup Kitchen,Baltimore City,Second Shiloh,"1355 Homestead St., Balto., MD 21218",,"Wed, Thu"
Soup Kitchen,Baltimore City,Sharp Street Memorial,"1206 Etting St., Balto., MD 21217",1pm-3pm,"Wed,Fri"
Soup Kitchen,Baltimore City,St. Ambrose,"3445 Park Heights Ave., Balto., MD 21215",8am-4pm,Mon-Sat
Soup Kitchen,Baltimore City,St. Cecilia's Kitchen,"3300 Clifton Ave., Balto., MD 21216",,
Soup Kitchen,Baltimore City,St. Gregory,"1542 N. Gilmore St., Balto., MD 21217",12noon-2pm,Th
Soup Kitchen,Baltimore City,St. James UMC,"1901 W. Lexington St., Balto., MD 21223",,
Soup Kitchen,Baltimore City,St. Phillips Baptist Church,"1014 N. Carrollton Ave., Balto., MD 21217",,
Soup Kitchen,Baltimore City,Supper Club,"1728 Eastern Ave., Balto., MD 21218",5:30pm-7pm,Wed
Soup Kitchen,Baltimore City,Temple House,"802 N. Fulton Ave., Balto., MD 21217",,Everyday
Soup Kitchen,Baltimore City,United Brethren for Christ,"2112 McCulloh St., P.O Box 16461, Balto. MD 21217",,Everyday
Soup Kitchen,Baltimore City,Unity UMC,"1433 Edmondson Ave., Balto., MD 21223",,
Soup Kitchen,Baltimore City,Valley House,"28 South Broadway, Balto., MD 21231",,Everyday
Soup Kitchen,Baltimore City,Waters AME,"417 N. Aisquith St., Balto., MD 21202",,Sat
Soup Kitchen,Baltimore City,Wayland Baptist,"3200 Garrison Blvd., Balto., MD 21216",,Wed
Soup Kitchen,Baltimore County,Hiding Place,"Dunwoody Road, Towson, MD",,
Soup Kitchen,Baltimore County,Nehima House,"8720 Philadelphia Rd., Balto., MD 21237",,
Soup Kitchen,Baltimore County,Family Crisis Ctr. of Balto. Co.,"P.O. Box 3909 Balto., MD",,
Soup Kitchen,Baltimore County,St. Clare Church,"Essex Community Kitchen, Essex, MD",,
Soup Kitchen,Carroll,Carpenter's Table St. Joseph's Catholic Church,"44 Frederick St., Taneytown MD 21787",11:30am,Thur
Soup Kitchen,Carroll,Shoemaker House,"Springfield Hospital Grounds, Sykesville, MD 21784",,
Soup Kitchen,Cecil,Meeting Ground,"P.O. Box 808, Elkton, MD 21921",Shelter,
Soup Kitchen,Frederick,Community Action Council,"100 South Market St., Frederick MD 21701","2pm-4pm, 7pm-9pm","Mon,Tue,Th,Fri, Wed"
Soup Kitchen,Harford,Children of Life,"539 Jamestown Court, Edgewood, MD 21040",,
Soup Kitchen,Harford,Manna House,"21 Linwood Ave., Bel Air, MD 21014",11:30am-1pm,Wed
Soup Kitchen,Harford,SARC,"21 W. Courtland St., Bel Air, MD 21014",Call,
Soup Kitchen,Harford,Sharing Table,"3479 Albantown Way, Edgewood, MD 21040",11:30am-1pm,Sat
Soup Kitchen,Montgomery,Bethesda Cares-First Baptist Church,"5033 Wilson Lane, Bethesda, MD 20814",1pm-2pm,Mon-Fri (1st to 15th of month)
Soup Kitchen,Montgomery,Bethesda Cares-Christ Lutheran Church,"8011 Old Georgetown Rd., Bethesda, MD 20814",1pm-2pm,Mon-Fri (16th to end of month)
Soup Kitchen,Montgomery,Bethesda Cares-Presbyterian Church,"7611 Carendon Lane, Bethesda, MD 20814",11am-12pm,Sat
Soup Kitchen,Montgomery,Bethesda Cares-Our Lady of Lourdes Cath. Church,"7500 Pearl Ave., Bethesda, MD 20814",,Sunday Dinner
Soup Kitchen,Montgomery,Gaithersburg Community Soup Kitchen Lord's Table,"201 South Frederick Avenue, Gaithersburg, MD 20877",3:30pm-4:30pm,Sept.-June
Soup Kitchen,Montgomery,Shepherd's Table,"8210A Colonial Lane, Silver Spring, MD 20910-5540",,
Soup Kitchen,Prince George's,Deliverance Temple,"3918 Alton St., Capitol Hgts., MD 20743",12:00pm-2pm,Mon-Thu
Soup Kitchen,Prince George's,Freedom Way,"1250 Benning Rd., Capitol Heights, MD 20743",6pm-8pm,Wed
Soup Kitchen,Prince George's,Harvest Temple,"6608 Wilkens Place, Forestville, MD 20747",12pm-4pm,Tue-Thu
Soup Kitchen,Prince George's,"Teen Challenge, Inc","6900 Central Ave., Capitol Hgts., MD 20743",,Shelter
Soup Kitchen,Prince George's,Transitional Center @ PG City Housing,"603 Addison Rd., Capitol Heights, MD 20743",,Housing
Soup Kitchen,Prince George's,Transitional Housing PG City DSS,"6599 Spring Hill Drive Apt. #102, Greenbelt, MD 20770",,Housing
Soup Kitchen,Washington,Salvation Army,"524 West Franklin St., Hagerstown, MD",Call,Call
Soup Kitchen,Washington,Wells House,"324 N. Locust St., Hagerstown, MD 21740",Call,
Soup Kitchen,Washington,Zion Soup Kitchen,"201 N. Potomac St., Hagerstown, MD 21740",5pm-8pm,Tue
Soup Kitchen,Wicomico,"Christian Shelter, Inc.","334 Barclay St., Salisbury, MD 21804",12pm-6pm,Mon-Fri
Soup Kitchen,Wicomico,First Baptist Soup Kitchen,"528 Booth St., Salisbury, MD 21801",10:45-12pm,Mon
Soup Kitchen,Wicomico,Hebron Community Kitchen/St. Paul's United Methodist Church,"204 East Walnut St., Hebron, MD 21830",2pm-4pm,1st & 3rd Saturdays
Soup Kitchen,Wicomico,Joseph House Crisis Center,"812 Boundary St., Salisbury, MD 21802",10:30am-12pm,"Tue, Wed, Thur"
Soup Kitchen,Wicomico,Life Crisis Center,"P.O. Box 387, Salisbury, MD 21803-0387",When needed,When needed
